#google_trends2014-09-23 22:54:58 +0900,脱ぎやがれ,http://www.google.co.jp/trends/hottrends?pn=p4#a=20140923-%25E8%2584%25B1%25E3%2581%258E%25E3%2582%2584%25E3%2581%258C%25E3%2582%258C
2014-09-23 22:54:58 +0900,Line Pinコード,http://www.google.co.jp/trends/hottrends?pn=p4#a=20140922-Line%2BPin%25E3%2582%25B3%25E3%2583%25BC%25E3%2583%2589
2014-09-23 22:54:58 +0900,秋分の日,http://www.google.co.jp/trends/hottrends?pn=p4#a=20140922-%25E7%25A7%258B%25E5%2588%2586%25E3%2581%25AE%25E6%2597%25A5
2014-09-23 22:54:58 +0900,パズドラ ドラゴンボール,http://www.google.co.jp/trends/hottrends?pn=p4#a=20140922-%25E3%2583%2591%25E3%2582%25BA%25E3%2583%2589%25E3%2583%25A9%2B%25E3%2583%2589%25E3%2583%25A9%25E3%2582%25B4%25E3%2583%25B3%25E3%2583%259C%25E3%2583%25BC%25E3%2583%25AB
2014-09-23 22:54:58 +0900,So-net,http://www.google.co.jp/trends/hottrends?pn=p4#a=20140922-So-net
2014-09-23 22:54:58 +0900,早見あかり,http://www.google.co.jp/trends/hottrends?pn=p4#a=20140922-%25E6%2597%25A9%25E8%25A6%258B%25E3%2581%2582%25E3%2581%258B%25E3%2582%258A
2014-09-23 22:54:58 +0900,misono,http://www.google.co.jp/trends/hottrends?pn=p4#a=20140920-misono
2014-09-23 22:54:58 +0900,アジア大会,http://www.google.co.jp/trends/hottrends?pn=p4#a=20140920-%25E3%2582%25A2%25E3%2582%25B8%25E3%2582%25A2%25E5%25A4%25A7%25E4%25BC%259A
2014-09-23 22:54:58 +0900,スコットランド,http://www.google.co.jp/trends/hottrends?pn=p4#a=20140918-%25E3%2582%25B9%25E3%2582%25B3%25E3%2583%2583%25E3%2583%2588%25E3%2583%25A9%25E3%2583%25B3%25E3%2583%2589
2014-09-23 22:54:58 +0900,台風,http://www.google.co.jp/trends/hottrends?pn=p4#a=20140918-%25E5%258F%25B0%25E9%25A2%25A8
2014-09-23 22:54:58 +0900,TGS,http://www.google.co.jp/trends/hottrends?pn=p4#a=20140918-TGS
2014-09-23 22:54:58 +0900,iOS8,http://www.google.co.jp/trends/hottrends?pn=p4#a=20140917-iOS8
2014-09-23 22:54:58 +0900,じゃんけん大会,http://www.google.co.jp/trends/hottrends?pn=p4#a=20140917-%25E3%2581%2598%25E3%2582%2583%25E3%2582%2593%25E3%2581%2591%25E3%2582%2593%25E5%25A4%25A7%25E4%25BC%259A
2014-09-23 22:54:58 +0900,東京ゲームショウ,http://www.google.co.jp/trends/hottrends?pn=p4#a=20140917-%25E6%259D%25B1%25E4%25BA%25AC%25E3%2582%25B2%25E3%2583%25BC%25E3%2583%25A0%25E3%2582%25B7%25E3%2583%25A7%25E3%2582%25A6
2014-09-23 22:54:58 +0900,ソニー,http://www.google.co.jp/trends/hottrends?pn=p4#a=20140917-%25E3%2582%25BD%25E3%2583%258B%25E3%2583%25BC
2014-09-23 22:54:58 +0900,地震,http://www.google.co.jp/trends/hottrends?pn=p4#a=20140916-%25E5%259C%25B0%25E9%259C%2587
2014-09-23 22:54:58 +0900,大江アナ,http://www.google.co.jp/trends/hottrends?pn=p4#a=20140916-%25E5%25A4%25A7%25E6%25B1%259F%25E3%2582%25A2%25E3%2583%258A
2014-09-23 22:54:58 +0900,アリスSOS,http://www.google.co.jp/trends/hottrends?pn=p4#a=20140916-%25E3%2582%25A2%25E3%2583%25AA%25E3%2582%25B9SOS
2014-09-23 22:54:58 +0900,敬老の日,http://www.google.co.jp/trends/hottrends?pn=p4#a=20140915-%25E6%2595%25AC%25E8%2580%2581%25E3%2581%25AE%25E6%2597%25A5
2014-09-23 22:54:58 +0900,ふなっしー,http://www.google.co.jp/trends/hottrends?pn=p4#a=20140915-%25E3%2581%25B5%25E3%2581%25AA%25E3%2581%25A3%25E3%2581%2597%25E3%2583%25BC
2014-09-23 22:56:00 +0900,脱ぎやがれ,http://www.google.co.jp/trends/hottrends?pn=p4#a=20140923-%25E8%2584%25B1%25E3%2581%258E%25E3%2582%2584%25E3%2581%258C%25E3%2582%258C
2014-09-23 22:56:00 +0900,Line Pinコード,http://www.google.co.jp/trends/hottrends?pn=p4#a=20140922-Line%2BPin%25E3%2582%25B3%25E3%2583%25BC%25E3%2583%2589
2014-09-23 22:56:00 +0900,秋分の日,http://www.google.co.jp/trends/hottrends?pn=p4#a=20140922-%25E7%25A7%258B%25E5%2588%2586%25E3%2581%25AE%25E6%2597%25A5
2014-09-23 22:56:00 +0900,パズドラ ドラゴンボール,http://www.google.co.jp/trends/hottrends?pn=p4#a=20140922-%25E3%2583%2591%25E3%2582%25BA%25E3%2583%2589%25E3%2583%25A9%2B%25E3%2583%2589%25E3%2583%25A9%25E3%2582%25B4%25E3%2583%25B3%25E3%2583%259C%25E3%2583%25BC%25E3%2583%25AB
2014-09-23 22:56:00 +0900,So-net,http://www.google.co.jp/trends/hottrends?pn=p4#a=20140922-So-net
2014-09-23 22:56:00 +0900,早見あかり,http://www.google.co.jp/trends/hottrends?pn=p4#a=20140922-%25E6%2597%25A9%25E8%25A6%258B%25E3%2581%2582%25E3%2581%258B%25E3%2582%258A
2014-09-23 22:56:00 +0900,misono,http://www.google.co.jp/trends/hottrends?pn=p4#a=20140920-misono
2014-09-23 22:56:00 +0900,アジア大会,http://www.google.co.jp/trends/hottrends?pn=p4#a=20140920-%25E3%2582%25A2%25E3%2582%25B8%25E3%2582%25A2%25E5%25A4%25A7%25E4%25BC%259A
2014-09-23 22:56:00 +0900,スコットランド,http://www.google.co.jp/trends/hottrends?pn=p4#a=20140918-%25E3%2582%25B9%25E3%2582%25B3%25E3%2583%2583%25E3%2583%2588%25E3%2583%25A9%25E3%2583%25B3%25E3%2583%2589
2014-09-23 22:56:00 +0900,台風,http://www.google.co.jp/trends/hottrends?pn=p4#a=20140918-%25E5%258F%25B0%25E9%25A2%25A8
2014-09-23 22:56:00 +0900,TGS,http://www.google.co.jp/trends/hottrends?pn=p4#a=20140918-TGS
2014-09-23 22:56:00 +0900,iOS8,http://www.google.co.jp/trends/hottrends?pn=p4#a=20140917-iOS8
2014-09-23 22:56:00 +0900,じゃんけん大会,http://www.google.co.jp/trends/hottrends?pn=p4#a=20140917-%25E3%2581%2598%25E3%2582%2583%25E3%2582%2593%25E3%2581%2591%25E3%2582%2593%25E5%25A4%25A7%25E4%25BC%259A
2014-09-23 22:56:00 +0900,東京ゲームショウ,http://www.google.co.jp/trends/hottrends?pn=p4#a=20140917-%25E6%259D%25B1%25E4%25BA%25AC%25E3%2582%25B2%25E3%2583%25BC%25E3%2583%25A0%25E3%2582%25B7%25E3%2583%25A7%25E3%2582%25A6
2014-09-23 22:56:00 +0900,ソニー,http://www.google.co.jp/trends/hottrends?pn=p4#a=20140917-%25E3%2582%25BD%25E3%2583%258B%25E3%2583%25BC
2014-09-23 22:56:00 +0900,地震,http://www.google.co.jp/trends/hottrends?pn=p4#a=20140916-%25E5%259C%25B0%25E9%259C%2587
2014-09-23 22:56:00 +0900,大江アナ,http://www.google.co.jp/trends/hottrends?pn=p4#a=20140916-%25E5%25A4%25A7%25E6%25B1%259F%25E3%2582%25A2%25E3%2583%258A
2014-09-23 22:56:00 +0900,アリスSOS,http://www.google.co.jp/trends/hottrends?pn=p4#a=20140916-%25E3%2582%25A2%25E3%2583%25AA%25E3%2582%25B9SOS
2014-09-23 22:56:00 +0900,敬老の日,http://www.google.co.jp/trends/hottrends?pn=p4#a=20140915-%25E6%2595%25AC%25E8%2580%2581%25E3%2581%25AE%25E6%2597%25A5
2014-09-23 22:56:00 +0900,ふなっしー,http://www.google.co.jp/trends/hottrends?pn=p4#a=20140915-%25E3%2581%25B5%25E3%2581%25AA%25E3%2581%25A3%25E3%2581%2597%25E3%2583%25BC
2014-09-23 22:56:52 +0900,脱ぎやがれ,http://www.google.co.jp/trends/hottrends?pn=p4#a=20140923-%25E8%2584%25B1%25E3%2581%258E%25E3%2582%2584%25E3%2581%258C%25E3%2582%258C
2014-09-23 22:56:52 +0900,Line Pinコード,http://www.google.co.jp/trends/hottrends?pn=p4#a=20140922-Line%2BPin%25E3%2582%25B3%25E3%2583%25BC%25E3%2583%2589
2014-09-23 22:56:52 +0900,秋分の日,http://www.google.co.jp/trends/hottrends?pn=p4#a=20140922-%25E7%25A7%258B%25E5%2588%2586%25E3%2581%25AE%25E6%2597%25A5
2014-09-23 22:56:52 +0900,パズドラ ドラゴンボール,http://www.google.co.jp/trends/hottrends?pn=p4#a=20140922-%25E3%2583%2591%25E3%2582%25BA%25E3%2583%2589%25E3%2583%25A9%2B%25E3%2583%2589%25E3%2583%25A9%25E3%2582%25B4%25E3%2583%25B3%25E3%2583%259C%25E3%2583%25BC%25E3%2583%25AB
2014-09-23 22:56:52 +0900,So-net,http://www.google.co.jp/trends/hottrends?pn=p4#a=20140922-So-net
2014-09-23 22:56:52 +0900,早見あかり,http://www.google.co.jp/trends/hottrends?pn=p4#a=20140922-%25E6%2597%25A9%25E8%25A6%258B%25E3%2581%2582%25E3%2581%258B%25E3%2582%258A
2014-09-23 22:56:52 +0900,misono,http://www.google.co.jp/trends/hottrends?pn=p4#a=20140920-misono
2014-09-23 22:56:52 +0900,アジア大会,http://www.google.co.jp/trends/hottrends?pn=p4#a=20140920-%25E3%2582%25A2%25E3%2582%25B8%25E3%2582%25A2%25E5%25A4%25A7%25E4%25BC%259A
2014-09-23 22:56:52 +0900,スコットランド,http://www.google.co.jp/trends/hottrends?pn=p4#a=20140918-%25E3%2582%25B9%25E3%2582%25B3%25E3%2583%2583%25E3%2583%2588%25E3%2583%25A9%25E3%2583%25B3%25E3%2583%2589
2014-09-23 22:56:52 +0900,台風,http://www.google.co.jp/trends/hottrends?pn=p4#a=20140918-%25E5%258F%25B0%25E9%25A2%25A8
2014-09-23 22:56:52 +0900,TGS,http://www.google.co.jp/trends/hottrends?pn=p4#a=20140918-TGS
2014-09-23 22:56:52 +0900,iOS8,http://www.google.co.jp/trends/hottrends?pn=p4#a=20140917-iOS8
2014-09-23 22:56:52 +0900,じゃんけん大会,http://www.google.co.jp/trends/hottrends?pn=p4#a=20140917-%25E3%2581%2598%25E3%2582%2583%25E3%2582%2593%25E3%2581%2591%25E3%2582%2593%25E5%25A4%25A7%25E4%25BC%259A
2014-09-23 22:56:52 +0900,東京ゲームショウ,http://www.google.co.jp/trends/hottrends?pn=p4#a=20140917-%25E6%259D%25B1%25E4%25BA%25AC%25E3%2582%25B2%25E3%2583%25BC%25E3%2583%25A0%25E3%2582%25B7%25E3%2583%25A7%25E3%2582%25A6
2014-09-23 22:56:52 +0900,ソニー,http://www.google.co.jp/trends/hottrends?pn=p4#a=20140917-%25E3%2582%25BD%25E3%2583%258B%25E3%2583%25BC
2014-09-23 22:56:52 +0900,地震,http://www.google.co.jp/trends/hottrends?pn=p4#a=20140916-%25E5%259C%25B0%25E9%259C%2587
2014-09-23 22:56:52 +0900,大江アナ,http://www.google.co.jp/trends/hottrends?pn=p4#a=20140916-%25E5%25A4%25A7%25E6%25B1%259F%25E3%2582%25A2%25E3%2583%258A
2014-09-23 22:56:52 +0900,アリスSOS,http://www.google.co.jp/trends/hottrends?pn=p4#a=20140916-%25E3%2582%25A2%25E3%2583%25AA%25E3%2582%25B9SOS
2014-09-23 22:56:52 +0900,敬老の日,http://www.google.co.jp/trends/hottrends?pn=p4#a=20140915-%25E6%2595%25AC%25E8%2580%2581%25E3%2581%25AE%25E6%2597%25A5
2014-09-23 22:56:52 +0900,ふなっしー,http://www.google.co.jp/trends/hottrends?pn=p4#a=20140915-%25E3%2581%25B5%25E3%2581%25AA%25E3%2581%25A3%25E3%2581%2597%25E3%2583%25BC
2014-09-23 23:16:55 +0900,脱ぎやがれ,http://www.google.co.jp/trends/hottrends?pn=p4#a=20140923-%25E8%2584%25B1%25E3%2581%258E%25E3%2582%2584%25E3%2581%258C%25E3%2582%258C
2014-09-23 23:16:55 +0900,Line Pinコード,http://www.google.co.jp/trends/hottrends?pn=p4#a=20140922-Line%2BPin%25E3%2582%25B3%25E3%2583%25BC%25E3%2583%2589
2014-09-23 23:16:55 +0900,秋分の日,http://www.google.co.jp/trends/hottrends?pn=p4#a=20140922-%25E7%25A7%258B%25E5%2588%2586%25E3%2581%25AE%25E6%2597%25A5
2014-09-23 23:16:55 +0900,パズドラ ドラゴンボール,http://www.google.co.jp/trends/hottrends?pn=p4#a=20140922-%25E3%2583%2591%25E3%2582%25BA%25E3%2583%2589%25E3%2583%25A9%2B%25E3%2583%2589%25E3%2583%25A9%25E3%2582%25B4%25E3%2583%25B3%25E3%2583%259C%25E3%2583%25BC%25E3%2583%25AB
2014-09-23 23:16:55 +0900,So-net,http://www.google.co.jp/trends/hottrends?pn=p4#a=20140922-So-net
2014-09-23 23:16:55 +0900,早見あかり,http://www.google.co.jp/trends/hottrends?pn=p4#a=20140922-%25E6%2597%25A9%25E8%25A6%258B%25E3%2581%2582%25E3%2581%258B%25E3%2582%258A
2014-09-23 23:16:55 +0900,misono,http://www.google.co.jp/trends/hottrends?pn=p4#a=20140920-misono
2014-09-23 23:16:55 +0900,アジア大会,http://www.google.co.jp/trends/hottrends?pn=p4#a=20140920-%25E3%2582%25A2%25E3%2582%25B8%25E3%2582%25A2%25E5%25A4%25A7%25E4%25BC%259A
2014-09-23 23:16:55 +0900,スコットランド,http://www.google.co.jp/trends/hottrends?pn=p4#a=20140918-%25E3%2582%25B9%25E3%2582%25B3%25E3%2583%2583%25E3%2583%2588%25E3%2583%25A9%25E3%2583%25B3%25E3%2583%2589
2014-09-23 23:16:55 +0900,台風,http://www.google.co.jp/trends/hottrends?pn=p4#a=20140918-%25E5%258F%25B0%25E9%25A2%25A8
2014-09-23 23:16:55 +0900,TGS,http://www.google.co.jp/trends/hottrends?pn=p4#a=20140918-TGS
2014-09-23 23:16:55 +0900,iOS8,http://www.google.co.jp/trends/hottrends?pn=p4#a=20140917-iOS8
2014-09-23 23:16:55 +0900,じゃんけん大会,http://www.google.co.jp/trends/hottrends?pn=p4#a=20140917-%25E3%2581%2598%25E3%2582%2583%25E3%2582%2593%25E3%2581%2591%25E3%2582%2593%25E5%25A4%25A7%25E4%25BC%259A
2014-09-23 23:16:55 +0900,東京ゲームショウ,http://www.google.co.jp/trends/hottrends?pn=p4#a=20140917-%25E6%259D%25B1%25E4%25BA%25AC%25E3%2582%25B2%25E3%2583%25BC%25E3%2583%25A0%25E3%2582%25B7%25E3%2583%25A7%25E3%2582%25A6
2014-09-23 23:16:55 +0900,ソニー,http://www.google.co.jp/trends/hottrends?pn=p4#a=20140917-%25E3%2582%25BD%25E3%2583%258B%25E3%2583%25BC
2014-09-23 23:16:55 +0900,地震,http://www.google.co.jp/trends/hottrends?pn=p4#a=20140916-%25E5%259C%25B0%25E9%259C%2587
2014-09-23 23:16:55 +0900,大江アナ,http://www.google.co.jp/trends/hottrends?pn=p4#a=20140916-%25E5%25A4%25A7%25E6%25B1%259F%25E3%2582%25A2%25E3%2583%258A
2014-09-23 23:16:55 +0900,アリスSOS,http://www.google.co.jp/trends/hottrends?pn=p4#a=20140916-%25E3%2582%25A2%25E3%2583%25AA%25E3%2582%25B9SOS
2014-09-23 23:16:55 +0900,敬老の日,http://www.google.co.jp/trends/hottrends?pn=p4#a=20140915-%25E6%2595%25AC%25E8%2580%2581%25E3%2581%25AE%25E6%2597%25A5
2014-09-23 23:16:55 +0900,ふなっしー,http://www.google.co.jp/trends/hottrends?pn=p4#a=20140915-%25E3%2581%25B5%25E3%2581%25AA%25E3%2581%25A3%25E3%2581%2597%25E3%2583%25BC
2014-09-23 23:36:57 +0900,脱ぎやがれ,http://www.google.co.jp/trends/hottrends?pn=p4#a=20140923-%25E8%2584%25B1%25E3%2581%258E%25E3%2582%2584%25E3%2581%258C%25E3%2582%258C
2014-09-23 23:36:57 +0900,Line Pinコード,http://www.google.co.jp/trends/hottrends?pn=p4#a=20140922-Line%2BPin%25E3%2582%25B3%25E3%2583%25BC%25E3%2583%2589
2014-09-23 23:36:57 +0900,秋分の日,http://www.google.co.jp/trends/hottrends?pn=p4#a=20140922-%25E7%25A7%258B%25E5%2588%2586%25E3%2581%25AE%25E6%2597%25A5
2014-09-23 23:36:57 +0900,パズドラ ドラゴンボール,http://www.google.co.jp/trends/hottrends?pn=p4#a=20140922-%25E3%2583%2591%25E3%2582%25BA%25E3%2583%2589%25E3%2583%25A9%2B%25E3%2583%2589%25E3%2583%25A9%25E3%2582%25B4%25E3%2583%25B3%25E3%2583%259C%25E3%2583%25BC%25E3%2583%25AB
2014-09-23 23:36:57 +0900,So-net,http://www.google.co.jp/trends/hottrends?pn=p4#a=20140922-So-net
2014-09-23 23:36:57 +0900,早見あかり,http://www.google.co.jp/trends/hottrends?pn=p4#a=20140922-%25E6%2597%25A9%25E8%25A6%258B%25E3%2581%2582%25E3%2581%258B%25E3%2582%258A
2014-09-23 23:36:57 +0900,misono,http://www.google.co.jp/trends/hottrends?pn=p4#a=20140920-misono
2014-09-23 23:36:57 +0900,アジア大会,http://www.google.co.jp/trends/hottrends?pn=p4#a=20140920-%25E3%2582%25A2%25E3%2582%25B8%25E3%2582%25A2%25E5%25A4%25A7%25E4%25BC%259A
2014-09-23 23:36:57 +0900,スコットランド,http://www.google.co.jp/trends/hottrends?pn=p4#a=20140918-%25E3%2582%25B9%25E3%2582%25B3%25E3%2583%2583%25E3%2583%2588%25E3%2583%25A9%25E3%2583%25B3%25E3%2583%2589
2014-09-23 23:36:57 +0900,台風,http://www.google.co.jp/trends/hottrends?pn=p4#a=20140918-%25E5%258F%25B0%25E9%25A2%25A8
2014-09-23 23:36:57 +0900,TGS,http://www.google.co.jp/trends/hottrends?pn=p4#a=20140918-TGS
2014-09-23 23:36:57 +0900,iOS8,http://www.google.co.jp/trends/hottrends?pn=p4#a=20140917-iOS8
2014-09-23 23:36:57 +0900,じゃんけん大会,http://www.google.co.jp/trends/hottrends?pn=p4#a=20140917-%25E3%2581%2598%25E3%2582%2583%25E3%2582%2593%25E3%2581%2591%25E3%2582%2593%25E5%25A4%25A7%25E4%25BC%259A
2014-09-23 23:36:57 +0900,東京ゲームショウ,http://www.google.co.jp/trends/hottrends?pn=p4#a=20140917-%25E6%259D%25B1%25E4%25BA%25AC%25E3%2582%25B2%25E3%2583%25BC%25E3%2583%25A0%25E3%2582%25B7%25E3%2583%25A7%25E3%2582%25A6
2014-09-23 23:36:57 +0900,ソニー,http://www.google.co.jp/trends/hottrends?pn=p4#a=20140917-%25E3%2582%25BD%25E3%2583%258B%25E3%2583%25BC
2014-09-23 23:36:57 +0900,地震,http://www.google.co.jp/trends/hottrends?pn=p4#a=20140916-%25E5%259C%25B0%25E9%259C%2587
2014-09-23 23:36:57 +0900,大江アナ,http://www.google.co.jp/trends/hottrends?pn=p4#a=20140916-%25E5%25A4%25A7%25E6%25B1%259F%25E3%2582%25A2%25E3%2583%258A
2014-09-23 23:36:57 +0900,アリスSOS,http://www.google.co.jp/trends/hottrends?pn=p4#a=20140916-%25E3%2582%25A2%25E3%2583%25AA%25E3%2582%25B9SOS
2014-09-23 23:36:57 +0900,敬老の日,http://www.google.co.jp/trends/hottrends?pn=p4#a=20140915-%25E6%2595%25AC%25E8%2580%2581%25E3%2581%25AE%25E6%2597%25A5
2014-09-23 23:36:57 +0900,ふなっしー,http://www.google.co.jp/trends/hottrends?pn=p4#a=20140915-%25E3%2581%25B5%25E3%2581%25AA%25E3%2581%25A3%25E3%2581%2597%25E3%2583%25BC
2014-09-23 23:57:00 +0900,脱ぎやがれ,http://www.google.co.jp/trends/hottrends?pn=p4#a=20140923-%25E8%2584%25B1%25E3%2581%258E%25E3%2582%2584%25E3%2581%258C%25E3%2582%258C
2014-09-23 23:57:00 +0900,Line Pinコード,http://www.google.co.jp/trends/hottrends?pn=p4#a=20140922-Line%2BPin%25E3%2582%25B3%25E3%2583%25BC%25E3%2583%2589
2014-09-23 23:57:00 +0900,秋分の日,http://www.google.co.jp/trends/hottrends?pn=p4#a=20140922-%25E7%25A7%258B%25E5%2588%2586%25E3%2581%25AE%25E6%2597%25A5
2014-09-23 23:57:00 +0900,パズドラ ドラゴンボール,http://www.google.co.jp/trends/hottrends?pn=p4#a=20140922-%25E3%2583%2591%25E3%2582%25BA%25E3%2583%2589%25E3%2583%25A9%2B%25E3%2583%2589%25E3%2583%25A9%25E3%2582%25B4%25E3%2583%25B3%25E3%2583%259C%25E3%2583%25BC%25E3%2583%25AB
2014-09-23 23:57:00 +0900,So-net,http://www.google.co.jp/trends/hottrends?pn=p4#a=20140922-So-net
2014-09-23 23:57:00 +0900,早見あかり,http://www.google.co.jp/trends/hottrends?pn=p4#a=20140922-%25E6%2597%25A9%25E8%25A6%258B%25E3%2581%2582%25E3%2581%258B%25E3%2582%258A
2014-09-23 23:57:00 +0900,misono,http://www.google.co.jp/trends/hottrends?pn=p4#a=20140920-misono
2014-09-23 23:57:00 +0900,アジア大会,http://www.google.co.jp/trends/hottrends?pn=p4#a=20140920-%25E3%2582%25A2%25E3%2582%25B8%25E3%2582%25A2%25E5%25A4%25A7%25E4%25BC%259A
2014-09-23 23:57:00 +0900,スコットランド,http://www.google.co.jp/trends/hottrends?pn=p4#a=20140918-%25E3%2582%25B9%25E3%2582%25B3%25E3%2583%2583%25E3%2583%2588%25E3%2583%25A9%25E3%2583%25B3%25E3%2583%2589
2014-09-23 23:57:00 +0900,台風,http://www.google.co.jp/trends/hottrends?pn=p4#a=20140918-%25E5%258F%25B0%25E9%25A2%25A8
2014-09-23 23:57:00 +0900,TGS,http://www.google.co.jp/trends/hottrends?pn=p4#a=20140918-TGS
2014-09-23 23:57:00 +0900,iOS8,http://www.google.co.jp/trends/hottrends?pn=p4#a=20140917-iOS8
2014-09-23 23:57:00 +0900,じゃんけん大会,http://www.google.co.jp/trends/hottrends?pn=p4#a=20140917-%25E3%2581%2598%25E3%2582%2583%25E3%2582%2593%25E3%2581%2591%25E3%2582%2593%25E5%25A4%25A7%25E4%25BC%259A
2014-09-23 23:57:00 +0900,東京ゲームショウ,http://www.google.co.jp/trends/hottrends?pn=p4#a=20140917-%25E6%259D%25B1%25E4%25BA%25AC%25E3%2582%25B2%25E3%2583%25BC%25E3%2583%25A0%25E3%2582%25B7%25E3%2583%25A7%25E3%2582%25A6
2014-09-23 23:57:00 +0900,ソニー,http://www.google.co.jp/trends/hottrends?pn=p4#a=20140917-%25E3%2582%25BD%25E3%2583%258B%25E3%2583%25BC
2014-09-23 23:57:00 +0900,地震,http://www.google.co.jp/trends/hottrends?pn=p4#a=20140916-%25E5%259C%25B0%25E9%259C%2587
2014-09-23 23:57:00 +0900,大江アナ,http://www.google.co.jp/trends/hottrends?pn=p4#a=20140916-%25E5%25A4%25A7%25E6%25B1%259F%25E3%2582%25A2%25E3%2583%258A
2014-09-23 23:57:00 +0900,アリスSOS,http://www.google.co.jp/trends/hottrends?pn=p4#a=20140916-%25E3%2582%25A2%25E3%2583%25AA%25E3%2582%25B9SOS
2014-09-23 23:57:00 +0900,敬老の日,http://www.google.co.jp/trends/hottrends?pn=p4#a=20140915-%25E6%2595%25AC%25E8%2580%2581%25E3%2581%25AE%25E6%2597%25A5
2014-09-23 23:57:00 +0900,ふなっしー,http://www.google.co.jp/trends/hottrends?pn=p4#a=20140915-%25E3%2581%25B5%25E3%2581%25AA%25E3%2581%25A3%25E3%2581%2597%25E3%2583%25BC
2014-09-24 00:17:02 +0900,脱ぎやがれ,http://www.google.co.jp/trends/hottrends?pn=p4#a=20140923-%25E8%2584%25B1%25E3%2581%258E%25E3%2582%2584%25E3%2581%258C%25E3%2582%258C
2014-09-24 00:17:02 +0900,Line Pinコード,http://www.google.co.jp/trends/hottrends?pn=p4#a=20140922-Line%2BPin%25E3%2582%25B3%25E3%2583%25BC%25E3%2583%2589
2014-09-24 00:17:02 +0900,秋分の日,http://www.google.co.jp/trends/hottrends?pn=p4#a=20140922-%25E7%25A7%258B%25E5%2588%2586%25E3%2581%25AE%25E6%2597%25A5
2014-09-24 00:17:02 +0900,パズドラ ドラゴンボール,http://www.google.co.jp/trends/hottrends?pn=p4#a=20140922-%25E3%2583%2591%25E3%2582%25BA%25E3%2583%2589%25E3%2583%25A9%2B%25E3%2583%2589%25E3%2583%25A9%25E3%2582%25B4%25E3%2583%25B3%25E3%2583%259C%25E3%2583%25BC%25E3%2583%25AB
2014-09-24 00:17:02 +0900,So-net,http://www.google.co.jp/trends/hottrends?pn=p4#a=20140922-So-net
2014-09-24 00:17:02 +0900,早見あかり,http://www.google.co.jp/trends/hottrends?pn=p4#a=20140922-%25E6%2597%25A9%25E8%25A6%258B%25E3%2581%2582%25E3%2581%258B%25E3%2582%258A
2014-09-24 00:17:02 +0900,misono,http://www.google.co.jp/trends/hottrends?pn=p4#a=20140920-misono
2014-09-24 00:17:02 +0900,アジア大会,http://www.google.co.jp/trends/hottrends?pn=p4#a=20140920-%25E3%2582%25A2%25E3%2582%25B8%25E3%2582%25A2%25E5%25A4%25A7%25E4%25BC%259A
2014-09-24 00:17:02 +0900,スコットランド,http://www.google.co.jp/trends/hottrends?pn=p4#a=20140918-%25E3%2582%25B9%25E3%2582%25B3%25E3%2583%2583%25E3%2583%2588%25E3%2583%25A9%25E3%2583%25B3%25E3%2583%2589
2014-09-24 00:17:02 +0900,台風,http://www.google.co.jp/trends/hottrends?pn=p4#a=20140918-%25E5%258F%25B0%25E9%25A2%25A8
2014-09-24 00:17:02 +0900,TGS,http://www.google.co.jp/trends/hottrends?pn=p4#a=20140918-TGS
2014-09-24 00:17:02 +0900,iOS8,http://www.google.co.jp/trends/hottrends?pn=p4#a=20140917-iOS8
2014-09-24 00:17:02 +0900,じゃんけん大会,http://www.google.co.jp/trends/hottrends?pn=p4#a=20140917-%25E3%2581%2598%25E3%2582%2583%25E3%2582%2593%25E3%2581%2591%25E3%2582%2593%25E5%25A4%25A7%25E4%25BC%259A
2014-09-24 00:17:02 +0900,東京ゲームショウ,http://www.google.co.jp/trends/hottrends?pn=p4#a=20140917-%25E6%259D%25B1%25E4%25BA%25AC%25E3%2582%25B2%25E3%2583%25BC%25E3%2583%25A0%25E3%2582%25B7%25E3%2583%25A7%25E3%2582%25A6
2014-09-24 00:17:02 +0900,ソニー,http://www.google.co.jp/trends/hottrends?pn=p4#a=20140917-%25E3%2582%25BD%25E3%2583%258B%25E3%2583%25BC
2014-09-24 00:17:02 +0900,地震,http://www.google.co.jp/trends/hottrends?pn=p4#a=20140916-%25E5%259C%25B0%25E9%259C%2587
2014-09-24 00:17:02 +0900,大江アナ,http://www.google.co.jp/trends/hottrends?pn=p4#a=20140916-%25E5%25A4%25A7%25E6%25B1%259F%25E3%2582%25A2%25E3%2583%258A
2014-09-24 00:17:02 +0900,アリスSOS,http://www.google.co.jp/trends/hottrends?pn=p4#a=20140916-%25E3%2582%25A2%25E3%2583%25AA%25E3%2582%25B9SOS
2014-09-24 00:17:02 +0900,敬老の日,http://www.google.co.jp/trends/hottrends?pn=p4#a=20140915-%25E6%2595%25AC%25E8%2580%2581%25E3%2581%25AE%25E6%2597%25A5
2014-09-24 00:17:02 +0900,ふなっしー,http://www.google.co.jp/trends/hottrends?pn=p4#a=20140915-%25E3%2581%25B5%25E3%2581%25AA%25E3%2581%25A3%25E3%2581%2597%25E3%2583%25BC
2014-09-24 22:55:30 +0900,神戸 女児,http://www.google.co.jp/trends/hottrends?pn=p4#a=20140924-%25E7%25A5%259E%25E6%2588%25B8%2B%25E5%25A5%25B3%25E5%2585%2590
2014-09-24 22:55:30 +0900,気象庁,http://www.google.co.jp/trends/hottrends?pn=p4#a=20140924-%25E6%25B0%2597%25E8%25B1%25A1%25E5%25BA%2581
2014-09-24 22:55:30 +0900,マッサン,http://www.google.co.jp/trends/hottrends?pn=p4#a=20140923-%25E3%2583%259E%25E3%2583%2583%25E3%2582%25B5%25E3%2583%25B3
2014-09-24 22:55:30 +0900,秋分の日,http://www.google.co.jp/trends/hottrends?pn=p4#a=20140922-%25E7%25A7%258B%25E5%2588%2586%25E3%2581%25AE%25E6%2597%25A5
2014-09-24 22:55:30 +0900,So-net,http://www.google.co.jp/trends/hottrends?pn=p4#a=20140922-So-net
2014-09-24 22:55:30 +0900,早見あかり,http://www.google.co.jp/trends/hottrends?pn=p4#a=20140922-%25E6%2597%25A9%25E8%25A6%258B%25E3%2581%2582%25E3%2581%258B%25E3%2582%258A
2014-09-24 22:55:30 +0900,misono,http://www.google.co.jp/trends/hottrends?pn=p4#a=20140920-misono
2014-09-24 22:55:30 +0900,アジア大会,http://www.google.co.jp/trends/hottrends?pn=p4#a=20140920-%25E3%2582%25A2%25E3%2582%25B8%25E3%2582%25A2%25E5%25A4%25A7%25E4%25BC%259A
2014-09-24 22:55:30 +0900,スコットランド,http://www.google.co.jp/trends/hottrends?pn=p4#a=20140918-%25E3%2582%25B9%25E3%2582%25B3%25E3%2583%2583%25E3%2583%2588%25E3%2583%25A9%25E3%2583%25B3%25E3%2583%2589
2014-09-24 22:55:30 +0900,台風,http://www.google.co.jp/trends/hottrends?pn=p4#a=20140918-%25E5%258F%25B0%25E9%25A2%25A8
2014-09-24 22:55:30 +0900,TGS,http://www.google.co.jp/trends/hottrends?pn=p4#a=20140918-TGS
2014-09-24 22:55:30 +0900,iOS8,http://www.google.co.jp/trends/hottrends?pn=p4#a=20140917-iOS8
2014-09-24 22:55:30 +0900,じゃんけん大会,http://www.google.co.jp/trends/hottrends?pn=p4#a=20140917-%25E3%2581%2598%25E3%2582%2583%25E3%2582%2593%25E3%2581%2591%25E3%2582%2593%25E5%25A4%25A7%25E4%25BC%259A
2014-09-24 22:55:30 +0900,東京ゲームショウ,http://www.google.co.jp/trends/hottrends?pn=p4#a=20140917-%25E6%259D%25B1%25E4%25BA%25AC%25E3%2582%25B2%25E3%2583%25BC%25E3%2583%25A0%25E3%2582%25B7%25E3%2583%25A7%25E3%2582%25A6
2014-09-24 22:55:30 +0900,ソニー,http://www.google.co.jp/trends/hottrends?pn=p4#a=20140917-%25E3%2582%25BD%25E3%2583%258B%25E3%2583%25BC
2014-09-24 22:55:30 +0900,地震,http://www.google.co.jp/trends/hottrends?pn=p4#a=20140916-%25E5%259C%25B0%25E9%259C%2587
2014-09-24 22:55:30 +0900,大江アナ,http://www.google.co.jp/trends/hottrends?pn=p4#a=20140916-%25E5%25A4%25A7%25E6%25B1%259F%25E3%2582%25A2%25E3%2583%258A
2014-09-24 22:55:30 +0900,アリスSOS,http://www.google.co.jp/trends/hottrends?pn=p4#a=20140916-%25E3%2582%25A2%25E3%2583%25AA%25E3%2582%25B9SOS
2014-09-24 22:55:30 +0900,敬老の日,http://www.google.co.jp/trends/hottrends?pn=p4#a=20140915-%25E6%2595%25AC%25E8%2580%2581%25E3%2581%25AE%25E6%2597%25A5
2014-09-24 22:55:30 +0900,ふなっしー,http://www.google.co.jp/trends/hottrends?pn=p4#a=20140915-%25E3%2581%25B5%25E3%2581%25AA%25E3%2581%25A3%25E3%2581%2597%25E3%2583%25BC
